<?xml version="1.0" encoding="UTF-8"?>
<!DOCTYPE configuration PUBLIC "-//mybatis.org//DTD Config 3.0//EN"
"http://mybatis.org/dtd/mybatis-3-config.dtd">
<configuration>

	<settings>
		<setting name="cacheEnabled" value="false" />
		<setting name="jdbcTypeForNull" value="NULL" />
		<setting name="callSettersOnNulls" value="true" />
		<setting name="defaultExecutorType" value="REUSE" />
		<setting name="defaultStatementTimeout" value="300" />
		<setting name="mapUnderscoreToCamelCase" value="true"/>
	</settings>

 	<typeAliases>
		<typeAlias alias="productVO" type="com.meaningfarm.mall.product.ProductVO" />
		<typeAlias alias="CartVO" type="com.meaningfarm.mall.cart.CartVO" />
	</typeAliases> 
	
	<mappers>
		<mapper resource="com/meaningfarm/mapper/product.xml" />
		<mapper resource="com/meaningfarm/mapper/option.xml" />
		<mapper resource="com/mybatis/mapper/NoticeMapper.xml" />
		<mapper resource="com/mybatis/mapper/MemProductMapper.xml" />
		<mapper resource="com/mybatis/mapper/CartMapper.xml" />
	</mappers>
</configuration>




