<?xml version="1.0" encoding="UTF-8"?>
<beans xmlns="http://www.springframework.org/schema/beans"
	xmlns:xsi="http://www.w3.org/2001/XMLSchema-instance"
	xmlns:context="http://www.springframework.org/schema/context"
	xmlns:jdbc="http://www.springframework.org/schema/jdbc"
	xmlns:mybatis-spring="http://mybatis.org/schema/mybatis-spring"
	xmlns:tx="http://www.springframework.org/schema/tx"
	xsi:schemaLocation="http://www.springframework.org/schema/jdbc http://www.springframework.org/schema/jdbc/spring-jdbc-4.3.xsd
		http://mybatis.org/schema/mybatis-spring http://mybatis.org/schema/mybatis-spring-1.2.xsd
		http://www.springframework.org/schema/beans https://www.springframework.org/schema/beans/spring-beans.xsd
		http://www.springframework.org/schema/context http://www.springframework.org/schema/context/spring-context-4.3.xsd
		http://www.springframework.org/schema/tx http://www.springframework.org/schema/tx/spring-tx-4.3.xsd
		http://java.sun.com/xml/ns/javaee 
		http://java.sun.com/xml/ns/javaee/web-app_2_5.xsd
		">
   		
   <!-- Root Context: defines shared resources visible to all other web components -->
    <bean id="hikariConfig" class="com.zaxxer.hikari.HikariConfig">
         <property name="driverClassName">
            <value>net.sf.log4jdbc.sql.jdbcapi.DriverSpy</value>
         </property>
         
         <property name="jdbcUrl">
            <value>jdbc:log4jdbc:oracle:thin:@127.0.0.1:1521:orcl11</value>
         </property>
         
         <property name="username">
            <value>MEANINGFARM</value>
            
         </property>
         <property name="password">
            <value>tiger</value>
         </property>
      </bean>
      
      <!-- 커넥션 풀 설정 -->
      <bean id="dataSource" class="com.zaxxer.hikari.HikariDataSource" destroy-method="close">
            <constructor-arg ref="hikariConfig"/>
      </bean>
      
      <!-- ====================== [[ Spring & MyBatis 시작 ]] ====================== -->
      <bean id="sqlSessionFactory" class="org.mybatis.spring.SqlSessionFactoryBean">
         <property name="configLocation" value="classpath:/mapper/mybatis-config.xml" />
         <property name="dataSource" ref="dataSource" />
      </bean>
      
      <bean id="sqlSessionTemplate" class="org.mybatis.spring.SqlSessionTemplate">
         <constructor-arg index="0" ref="sqlSessionFactory" />
      </bean>
      
      
</beans>