<?xml version="1.0" encoding="UTF-8"?>
<!DOCTYPE mapper PUBLIC "-//mybatis.org//DTD Mapper 3.0//EN" "http://mybatis.org/dtd/mybatis-3-mapper.dtd">
<mapper namespace="com.mybatis.mapper.MemProductMapper">
	<!-- 01. 상품 전체목록 조회  -->
	<select id="memproductList" parameterType="java.util.Map" resultType="map">
		SELECT p.m_id,p.product_no, p.product_name, p.product_price, p.product_detail
		     , p.product_stock, p.product_img, p.product_dlvyfee, p.option_no
		     , p.category_local_no, p.category_type_no, pf.productfile_name
		     , NVL(pf.productfile_size,0), pf.productfile_path
		  FROM product p LEFT OUTER JOIN productfile pf
		    ON p.product_no = pf.product_no
		<where>
			<if test="m_id != null">
				AND m_id = #{m_id}
			</if>
			<if test="product_no>0">
				AND p.product_no = #{product_no}
			</if>
		</where>  
		ORDER BY p.product_no ASC
		
	</select> 
	


</mapper>