<?xml version="1.0" encoding="UTF-8"?>
<beans:beans xmlns="http://www.springframework.org/schema/mvc"
	xmlns:xsi="http://www.w3.org/2001/XMLSchema-instance"
	xmlns:beans="http://www.springframework.org/schema/beans"
	xmlns:context="http://www.springframework.org/schema/context"
	xsi:schemaLocation="http://www.springframework.org/schema/mvc https://www.springframework.org/schema/mvc/spring-mvc.xsd
		http://www.springframework.org/schema/beans https://www.springframework.org/schema/beans/spring-beans.xsd
		http://www.springframework.org/schema/context https://www.springframework.org/schema/context/spring-context.xsd">

	<!-- DispatcherServlet Context: defines this servlet's request-processing infrastructure -->
	
	<!-- Enables the Spring MVC @Controller programming model -->
	<annotation-driven />

	<!-- Handles HTTP GET requests for /resources/** by efficiently serving up static resources in the ${webappRoot}/resources directory -->
	<resources mapping="/resources/**" location="/resources/" />
	<resources mapping="/css/**" location="/resources/css/" />
	<resources mapping="/js/**" location="/resources/js/" />
	
	
	<!-- Resolves views selected for rendering by @Controllers to .jsp resources in the /WEB-INF/views directory -->
	<beans:bean class="org.springframework.web.servlet.view.InternalResourceViewResolver">
		<beans:property name="prefix" value="/WEB-INF/views/" />
		<beans:property name="suffix" value=".jsp" />
	</beans:bean>
	
	<!-- 파일 -->
	<beans:bean name="multipartResolver"
		class="org.springframework.web.multipart.commons.CommonsMultipartResolver">
		<beans:property name="maxUploadSize" value="10485760" />	
	</beans:bean>
	
	<context:component-scan base-package="com.meaningfarm.mall" />
	<context:component-scan base-package="com.meaningfarm.mall.notice.controller" />
	<context:component-scan base-package="com.meaningfarm.mall.memproduct.controller" />
	<context:component-scan base-package="com.meaningfarm.mall.cart.controller" />
	
	<!-- 인터셉터 -->
<!-- 	<interceptors> -->
		<!-- 장바구니 인터셉터 -->
<!-- 		<interceptor> -->
<!-- 		<mapping path="/cart/**"/> -->
<!-- 		<exclude-mapping path="/cart/add"/> -->
<!-- 		<beans:bean id="CartIntreceptor" class="com.meaningfarm.mall.interceptor.CartInterceptor"></beans:bean> -->
<!-- 		</interceptor> -->
<!-- 	</interceptors> -->
	
</beans:beans>
